{
  "camera": {
    "rotation": {
      "w": -0.000959334138315171,
      "x": -0.8924239873886108,
      "y": 0.45119228959083557,
      "z": 0.0018974897684529424
    },
    "translation": {
      "x": 0.055210016667842865,
      "y": -0.04205499589443207,
      "z": -0.21725745499134064
    }
  },
  "fullscreen": true,
  "game": {
    "black_player": "Human",
    "board_size": 9,
    "handicap": 0,
    "komi": 7.5,
    "white_player": "Human"
  },
  "last_config": "./config/cs.json",
  "last_sgf_path": "./games/2026-01-24.sgf",
  "shader": {
    "contrast": 0.0,
    "dof": 0.0925000011920929,
    "eof": 0.07249999791383743,
    "gamma": 1.0,
    "name": "Red Carpet"
  },
  "sound_enabled": true,
  "start_fresh": false
}