{
  "camera": {
    "rotation": {
      "w": -0.000959334138315171,
      "x": -0.8924239873886108,
      "y": 0.45119228959083557,
      "z": 0.0018974897684529424
    },
    "translation": {
      "x": 0.055210016667842865,
      "y": -0.04205499589443207,
      "z": -0.21725745499134064
    }
  },
  "fullscreen": false
}
